{"chunk_definitions":[{"row":23,"row_count":1,"visible":true,"expansion_state":0,"options":{"engine":"r","label":"unnamed-chunk-4","dev":"png"},"document_id":"D37CA973","chunk_id":"c0dh5yrb8z89f","chunk_label":"unnamed-chunk-1"},{"row":39,"row_count":1,"visible":true,"expansion_state":0,"options":{"engine":"r","label":"unnamed-chunk-6","dev":"png"},"document_id":"D37CA973","chunk_id":"cnaskuk0kn6ox","chunk_label":"unnamed-chunk-2"},{"row":47,"row_count":1,"visible":true,"expansion_state":0,"options":{},"document_id":"D37CA973","chunk_id":"cue9aspa2d2q1","chunk_label":"unnamed-chunk-3"}],"doc_write_time":1717448519}